                  epoch,         train/box_loss,         train/cls_loss,         train/dfl_loss,   metrics/precision(B),      metrics/recall(B),       metrics/mAP50(B),    metrics/mAP50-95(B),           val/box_loss,           val/cls_loss,           val/dfl_loss,                 lr/pg0,                 lr/pg1,                 lr/pg2
                      1,                 2.3561,                 2.6385,                 1.8002,                0.52814,                0.40913,                0.39194,                0.18153,                  1.944,                 1.8201,                 1.4745,             0.00041599,             0.00041599,             0.00041599
                      2,                 2.1529,                 2.1002,                 1.6574,                0.62603,                0.44808,                 0.4949,                0.21655,                 1.8562,                 1.3983,                 1.3698,             0.00066779,             0.00066779,             0.00066779
                      3,                 2.0964,                 1.9454,                 1.6088,                0.61501,                0.41747,                0.48978,                 0.2282,                 1.7368,                 1.3475,                 1.3473,             0.00075459,             0.00075459,             0.00075459
                      4,                 1.9881,                 1.7355,                 1.5281,                0.78654,                0.44678,                0.51676,                0.25677,                 1.7071,                 1.3228,                 1.3161,              0.0005075,              0.0005075,              0.0005075
                      5,                 1.8931,                 1.6002,                 1.4702,                0.78398,                0.48334,                0.56226,                0.30124,                 1.5673,                 1.1811,                 1.2248,                0.00026,                0.00026,                0.00026
