{"train/box_loss": 1.37799, "train/cls_loss": 0.82204, "train/dfl_loss": 1.13129, "_timestamp": 1712448819.4578683, "lr/pg0": 0.005198500000000001, "lr/pg1": 0.005198500000000001, "lr/pg2": 0.005198500000000001, "metrics/precision(B)": 0.88227, "metrics/recall(B)": 0.73069, "metrics/mAP50(B)": 0.805, "metrics/mAP50-95(B)": 0.49162, "val/box_loss": 1.09236, "val/cls_loss": 0.58939, "val/dfl_loss": 0.99764, "labels": {"_type": "image-file", "sha256": "81defdd67aad45a0b236859f9c2898c39baa2aac397e867e9016a7466dce2b68", "size": 126095, "path": "media/images/labels_1_81defdd67aad45a0b236.jpg", "format": "jpg", "width": 1600, "height": 1600}, "train_batch0": {"_type": "image-file", "sha256": "d303fc5754029f3959fe37a937fcb003380612934fc3d3308fd24763358e6acb", "size": 426804, "path": "media/images/train_batch0_1_d303fc5754029f3959fe.jpg", "format": "jpg", "width": 1920, "height": 1920}, "train_batch1": {"_type": "image-file", "sha256": "f3224e9a9c30eca18ad086789a7b705bc340be136a389b048bb5a9e958ee4a8d", "size": 462059, "path": "media/images/train_batch1_1_f3224e9a9c30eca18ad0.jpg", "format": "jpg", "width": 1920, "height": 1920}, "train_batch2": {"_type": "image-file", "sha256": "90919bfee58f8ece8572c12ae0fbe61eadd95c71ea1c3c7738cdd0e91bb004cc", "size": 501281, "path": "media/images/train_batch2_1_90919bfee58f8ece8572.jpg", "format": "jpg", "width": 1920, "height": 1920}, "model/parameters": 3011628, "model/GFLOPs": 8.197, "model/speed_PyTorch(ms)": 4.545, "_runtime": 6194.874251365662, "_step": 98, "_wandb": {"runtime": 6216}}